{"cameraMode":{"drawMode":0,"name":"Shaded","section":"Shading Mode"},"sceneLighting":true,"audioPlay":false,"sceneViewState":{"showFog":true,"showMaterialUpdate":false,"showSkybox":true,"showFlares":true,"showImageEffects":true,"showParticleSystems":true},"in2DMode":false,"pivot":{"x":16.89377784729004,"y":0.4810354709625244,"z":-20.519453048706056},"rotation":{"x":0.42527374625205996,"y":0.30437129735946658,"z":-0.15441688895225526,"w":0.8382483124732971},"size":25.35243797302246,"orthographic":true}