{"cameraMode":{"drawMode":0,"name":"Shaded","section":"Shading Mode"},"sceneLighting":true,"audioPlay":false,"sceneViewState":{"showFog":true,"showMaterialUpdate":false,"showSkybox":true,"showFlares":true,"showImageEffects":true,"showParticleSystems":true},"in2DMode":false,"pivot":{"x":19.290302276611329,"y":0.0594024658203125,"z":-10.953125},"rotation":{"x":-0.11009392887353897,"y":0.8898571133613586,"z":-0.3080926835536957,"w":-0.31798189878463747},"size":4.0237135887146,"orthographic":false}