{"cameraMode":{"drawMode":0,"name":"Shaded","section":"Shading Mode"},"sceneLighting":true,"audioPlay":false,"sceneViewState":{"showFog":true,"showMaterialUpdate":false,"showSkybox":true,"showFlares":true,"showImageEffects":true,"showParticleSystems":true},"in2DMode":false,"pivot":{"x":14.887619018554688,"y":-0.9072439670562744,"z":-12.544143676757813},"rotation":{"x":0.4004969596862793,"y":-0.470337837934494,"z":0.252991646528244,"w":0.7445672750473023},"size":12.171796798706055,"orthographic":false}